Sr. No.,Product Name,Price,Discount,MRP,Rating,Average Star,Product_Link,Product Image Link,Website
0,Carbamide Forte Multivitamin Tablets for Men & Women with Probiotics & Ginseng | Multivitamin supplement with 45 Ingredients - 180 Tablets,569,33% off,₹850,"4,136 ratings",4.1,https://www.amazon.in/Carbamide-Forte-Antoxidants-Probiotics-Multivitamins/dp/B072MLTYXD/ref=sr_1_5?crid=ZE80G2W16TD2&keywords=multivitamin+best&qid=1672669295&sprefix=multivitamin+best+%2Caps%2C456&sr=8-5,https://m.media-amazon.com/images/I/61PjUf5CVBL._AC_UL320_.jpg,Amazon
1,"HealthKart HK Vitals Multivitamin for Men and Women, 60 Multivitamin Tablets, with Zinc, Vitamin C, Vitamin D3, Multiminerals and Ginseng Extract, Enhances Energy, Stamina & Immunity",425,35% off,₹650,"11,087 ratings",4.2,https://www.amazon.in/HealthKart-Multivitamin-Ginseng-Extract-Vegetarian/dp/B01LLLUCAY/ref=sr_1_6?crid=ZE80G2W16TD2&keywords=multivitamin+best&qid=1672669295&sprefix=multivitamin+best+%2Caps%2C456&sr=8-6,https://m.media-amazon.com/images/I/51vRHIuIG5L._AC_UL320_.jpg,Amazon
2,"Carbamide Forte Plant Based Multivitamin Tablets for Men & Women for Immunity, Energy & Detox with Ingredients like Superfoods, Greens, Vegetables, Fruits & Herbs Supplement- 60 Veg Tablets",474,30% off,₹675,620 ratings,4.2,https://www.amazon.in/Carbamide-Forte-Multivitamin-Ingredients-Superfoods/dp/B08H5PBLC2/ref=sr_1_7?crid=ZE80G2W16TD2&keywords=multivitamin+best&qid=1672669295&sprefix=multivitamin+best+%2Caps%2C456&sr=8-7,https://m.media-amazon.com/images/I/81rHUQGeYPL._AC_UL320_.jpg,Amazon
3,"HealthKart HK Vitals Multivitamin and Fish Oil Combo for Women & Men, 60 Multivitamin Tablets & 60 Fish Oil Capsules",719,47% off,"₹1,349","4,331 ratings",4.3,https://www.amazon.in/HealthKart-Vitals-Multivitamin-Capsules-Tablets/dp/B07R9KJPZM/ref=sr_1_8?crid=ZE80G2W16TD2&keywords=multivitamin+best&qid=1672669295&sprefix=multivitamin+best+%2Caps%2C456&sr=8-8,https://m.media-amazon.com/images/I/61bUDUMwwtL._AC_UL320_.jpg,Amazon
4,"MuscleBlaze MB-Vite Daily Multivitamin with 51 Ingredients and 6 Essential Blends, 100% RDA of Immunity Boosters, for Enhanced Energy, Strength & Recovery, 60 Multivitamin Tablets",499,29% off,₹699,"11,871 ratings",4.1,https://www.amazon.in/MuscleBlaze-VITE-Multivitamin-60-Tablets/dp/B00KDFRUGY/ref=sr_1_9?crid=ZE80G2W16TD2&keywords=multivitamin+best&qid=1672669295&sprefix=multivitamin+best+%2Caps%2C456&sr=8-9,https://m.media-amazon.com/images/I/711D9oYNuzL._AC_UL320_.jpg,Amazon
5,"Zingavita Multivitamin Tablets with Probiotics & Prebiotics (120 Count)|With 43 Vitamins & Minerals|Supplement with Vitamin B12, C, D, E, Zinc & Biotin |Vegetarian Multivitamin Tablet for Men & Women",299,40% off,₹499,545 ratings,4.1,https://www.amazon.in/Zingavita-Multivitamin-Tablets-Men-Women/dp/B09GW8HRS5/ref=sr_1_10?crid=ZE80G2W16TD2&keywords=multivitamin+best&qid=1672669295&sprefix=multivitamin+best+%2Caps%2C456&sr=8-10,https://m.media-amazon.com/images/I/61y5gxfHKQL._AC_UL320_.jpg,Amazon
6,"Carbamide Forte Multivitamin Gummies for Women | Multivitamin for Women’s Hair, Skin & Nails, with Biotin & Antioxidants for Immunity & Probiotics for Digestion | 23 Ingredients - 60 Veg Gummies",474,30% off,₹675,653 ratings,4,https://www.amazon.in/Carbamide-Forte-Multivitamin-Antioxidants-Ingredients/dp/B08CNCFJLN/ref=sr_1_11?crid=ZE80G2W16TD2&keywords=multivitamin+best&qid=1672669295&sprefix=multivitamin+best+%2Caps%2C456&sr=8-11,https://m.media-amazon.com/images/I/71KvdotLJvL._AC_UL320_.jpg,Amazon
7,"Cipla Maxirich Daily Multivitamin (60 Softgels) For Men & Women With Essential Nutrients, Vitamins, Minerals, Anti-oxidants For Building Immunity & Energy (6 X 10 Softgels)",422,41% off,₹714,286 ratings,4.3,https://www.amazon.in/Cipla-Multivitamin-Essential-Nutrients-Anti-oxidants/dp/B09C5Y5XY1/ref=sr_1_12?crid=ZE80G2W16TD2&keywords=multivitamin+best&qid=1672669295&sprefix=multivitamin+best+%2Caps%2C456&sr=8-12,https://m.media-amazon.com/images/I/81nsUhAbPIL._AC_UL320_.jpg,Amazon
8,"Man Matters Multivitamin gummies For Men | vitamins A, C, D, E, B9 & B12 | Enhances Immunity and Supports Hormone Balance | Pack of 60",499,17% off,₹599,166 ratings,3.9,https://www.amazon.in/Man-Matters-Multivitamin-Enhances-Immunity/dp/B09DQ7WQP6/ref=sr_1_13?crid=ZE80G2W16TD2&keywords=multivitamin+best&qid=1672669295&sprefix=multivitamin+best+%2Caps%2C456&sr=8-13,https://m.media-amazon.com/images/I/712ouWa86iL._AC_UL320_.jpg,Amazon
9,"OZiva Daily Women’s Multi, 60 Tablets | Multivitamin for Women with Shatavari, Ashwaganda & Brahmi | Supplements for Supporting, Daily Energy, Hormonal Balance & Stress Management",427,14% off,₹499,152 ratings,4.2,https://www.amazon.in/OZiva-Daily-Womens-Multi-Multivitamin/dp/B09RK7PQ3J/ref=sr_1_14?crid=ZE80G2W16TD2&keywords=multivitamin+best&qid=1672669295&sprefix=multivitamin+best+%2Caps%2C456&sr=8-14,https://m.media-amazon.com/images/I/61Kxiw6ByIL._AC_UL320_.jpg,Amazon
10,"Revital H Multivitamin For Men With Natural Ginseng, Zinc, 10 Vitamins & 8 Minerals For Daily Energy, Stamina & Immunity - 60 Capsules",467,15% off,₹550,"5,274 ratings",4.3,https://www.amazon.in/Revital-8-9013E-12-H-Capsules/dp/B006QQQTHU/ref=sr_1_15?crid=ZE80G2W16TD2&keywords=multivitamin+best&qid=1672669295&sprefix=multivitamin+best+%2Caps%2C456&sr=8-15,https://m.media-amazon.com/images/I/71MoI-UoRaS._AC_UL320_.jpg,Amazon
11,"Neuherbs True vitamin | Multivitamin for men and women with Antioxidant & herbs blend (Vitamin C, Zinc,Vitamin D3, Ginseng Extract etc ) for Energy, Stamina & Immunity, 60 Multivitamin Tablets",599,33% off,₹899,"3,772 ratings",4.2,https://www.amazon.in/Neuherbs-Vitamins-Minerals-Nutrition-supplement/dp/B082G9SMKD/ref=sr_1_16?crid=ZE80G2W16TD2&keywords=multivitamin+best&qid=1672669295&sprefix=multivitamin+best+%2Caps%2C456&sr=8-16,https://m.media-amazon.com/images/I/61+0U8VHKbL._AC_UL320_.jpg,Amazon
12,"Cipla Maxirich Daily Multivitamin (30 Capsules) For Men & Women With Essential Nutrients, Vitamins, Minerals, Anti-oxidants For Building Immunity & Energy (Bottle Pack)",238,28% off,₹330,"1,041 ratings",4.1,https://www.amazon.in/Multivitamin-Essential-Nutrients-Antioxidants-Fatigue-30/dp/B085RJH5TK/ref=sr_1_17?crid=ZE80G2W16TD2&keywords=multivitamin+best&qid=1672669295&sprefix=multivitamin+best+%2Caps%2C456&sr=8-17,https://m.media-amazon.com/images/I/61he+CdjT1L._AC_UL320_.jpg,Amazon
13,"Carbamide Forte Multivitamin for Men for Immunity & Energy with 67 Ingredients |Multi Vitamins, Minerals, Probiotics, Superfoods, Fruits & Vegetable Blend– 60 Veg Tablets",474,30% off,₹675,725 ratings,4.2,https://www.amazon.in/Carbamide-Forte-Multivitamin-Ingredients-Probiotics/dp/B08H1THQDY/ref=sr_1_18?crid=ZE80G2W16TD2&keywords=multivitamin+best&qid=1672669295&sprefix=multivitamin+best+%2Caps%2C456&sr=8-18,https://m.media-amazon.com/images/I/71+DR1rv7OL._AC_UL320_.jpg,Amazon
14,"Boldfit Multivitamin For Men & Women With Probiotics Vitamin C, E, Zinc For Immunity, Biotin, For Healthy Hair, Skin & Nails. Immunity (120 Tablets)",399,43% off,₹699,"5,419 ratings",4.2,https://www.amazon.in/Boldfit-Multivitamin-Tablets-Probiotics-Immunity/dp/B08DG59RPC/ref=sr_1_19?crid=ZE80G2W16TD2&keywords=multivitamin+best&qid=1672669295&sprefix=multivitamin+best+%2Caps%2C456&sr=8-19,https://m.media-amazon.com/images/I/61QqJZFDqDL._AC_UL320_.jpg,Amazon
15,"NutritJet Multivitamin For Men & Women - 120 Veg Tablets With Probiotics, 43 Essential Vitamins, Minerals and Herbs For Immunity, Energy, Biotin, For Healthy Hair, Skin & Nails",499,50% off,₹999,316 ratings,4.1,https://www.amazon.in/NutritJet-Multivitamins-Essential-Vitamins-Minerals/dp/B08RWJYP5K/ref=sr_1_20?crid=ZE80G2W16TD2&keywords=multivitamin+best&qid=1672669295&sprefix=multivitamin+best+%2Caps%2C456&sr=8-20,https://m.media-amazon.com/images/I/71UF048OtJL._AC_UL320_.jpg,Amazon
16,"WOW Life Science Multivitamin for Men - with Glycine, Green Tea, Turmeric, Vitamins - 60 Veg Capsules (1C)",509,27% off,₹697,608 ratings,4.2,https://www.amazon.in/WOW-Life-Science-Multivitamin-Men/dp/B08DLCTKC4/ref=sr_1_25?crid=ZE80G2W16TD2&keywords=multivitamin+best&qid=1672669295&sprefix=multivitamin+best+%2Caps%2C456&sr=8-25,https://m.media-amazon.com/images/I/613cFObEO-L._AC_UL320_.jpg,Amazon
17,"Zingavita Multivitamin for Men | With 41 Vitamins, Omega 3 & Essential Blends for Energy, Immunity, Stamina & Recovery | 120 Veg Multivitamin Tablets | 1 Daily",319,65% off,₹899,131 ratings,4.2,https://www.amazon.in/Zingavita-Multivitamin-Men-combination-Essential/dp/B09XXLY1VF/ref=sr_1_26?crid=ZE80G2W16TD2&keywords=multivitamin+best&qid=1672669295&sprefix=multivitamin+best+%2Caps%2C456&sr=8-26,https://m.media-amazon.com/images/I/611lIKvfiNL._AC_UL320_.jpg,Amazon
18,"Pure Nutrition Multivitamin for Women with 37+ Vitamins, Minerals & Herbs to Support Bone Health, Boost Immunity & Promote Active Health - 30 Veg Tablets",439,12% off,₹499,128 ratings,4.3,https://www.amazon.in/Pure-Nutrition-Fortified-Bioactive-Multiminerals/dp/B0832ZXJKM/ref=sr_1_27?crid=ZE80G2W16TD2&keywords=multivitamin+best&qid=1672669295&sprefix=multivitamin+best+%2Caps%2C456&sr=8-27,https://m.media-amazon.com/images/I/61BAYp++CtL._AC_UL320_.jpg,Amazon
19,"Zingavita Multivitamin Sports Advanced Daily for Men & Women (120 Tablets) - With 35+ Nutrients, Amino Acids, Antioxidants For Enhanced Energy, Stamina, Immunity, Joint & Muscle Health",319,68% off,₹999,35 ratings,3.9,https://www.amazon.in/Zingavita-Multivitamin-Sports-Advanced-Tablets/dp/B09YYCJ2T2/ref=sr_1_28?crid=ZE80G2W16TD2&keywords=multivitamin+best&qid=1672669295&sprefix=multivitamin+best+%2Caps%2C456&sr=8-28,https://m.media-amazon.com/images/I/61nZ-xKh8lL._AC_UL320_.jpg,Amazon
20,"Nutrazee Multivitamin Gummies for Kids, Teenagers, Men, Women & Adults With Essential Vitamins For Healthy Growth, Development & Immunity, 45 Gummy Bears Supplement",645,15% off,₹755,"1,457 ratings",4.3,https://www.amazon.in/Nutrazee-Multivitamin-Vegetarian-Teenagers-Essential/dp/B07B4FYGYB/ref=sr_1_29?crid=ZE80G2W16TD2&keywords=multivitamin+best&qid=1672669295&sprefix=multivitamin+best+%2Caps%2C456&sr=8-29,https://m.media-amazon.com/images/I/71-sv+HpjzL._AC_UL320_.jpg,Amazon
21,Herbalife Formula 2 Multivitamin Mineral and Herbal Tablet - 90 Tablets,"1,199",43% off,"₹2,091","1,075 ratings",4,https://www.amazon.in/Herbalife-Formula-Multivitamin-Mineral-Herbal/dp/B01G3RU2N8/ref=sr_1_30_mod_primary_new?crid=ZE80G2W16TD2&keywords=multivitamin+best&qid=1672669295&sbo=RZvfv%2F%2FHxDF%2BO5021pAnSA%3D%3D&sprefix=multivitamin+best+%2Caps%2C456&sr=8-30,https://m.media-amazon.com/images/I/51+kX3njWdL._AC_UL320_.jpg,Amazon
22,"Zingavita Multivitamin Gummies for Kids, With 11 Essential Vitamins & Minerals for Healthy Growth, Cognitive Development & Complete Nutrition, Strawberry & Lemon Flavour, 60 Gummy Bears",369,8% off,₹399,190 ratings,4.3,https://www.amazon.in/Zingavita-Multivitamin-Gummies-Kids-Strawberry/dp/B08WC5G5BN/ref=sr_1_31?crid=ZE80G2W16TD2&keywords=multivitamin+best&qid=1672669295&sprefix=multivitamin+best+%2Caps%2C456&sr=8-31,https://m.media-amazon.com/images/I/710iO6+erGL._AC_UL320_.jpg,Amazon
23,"Bigmuscles Nutrition The Real Vitamin Advanced Multivitamin [Pack of 60 Servings, Chocolate Flavoured, 60 tablets]",299,50% off,₹599,"4,454 ratings",4.1,https://www.amazon.in/Bigmuscles-Nutrition-Real-Vitamin-Tablets/dp/B0869SV4Q2/ref=sr_1_32?crid=ZE80G2W16TD2&keywords=multivitamin+best&qid=1672669295&sprefix=multivitamin+best+%2Caps%2C456&sr=8-32,https://m.media-amazon.com/images/I/61QWPz-HYzL._AC_UL320_.jpg,Amazon
24,"Swisse Men’s Multivitamin - 60 Tabs (Australia's No.1 Multivitamin Brand) Increases Immunity, Energy, Stamina & Vitality Production With 36 Herbs, Vitamins & Minerals","1,619",31% off,"₹2,349","1,017 ratings",4.2,https://www.amazon.in/Swisse-Multivitamin-Supplement-Relieving-production/dp/B088KVDZN5/ref=sr_1_33?crid=ZE80G2W16TD2&keywords=multivitamin+best&qid=1672669295&sprefix=multivitamin+best+%2Caps%2C456&sr=8-33,https://m.media-amazon.com/images/I/61ZHYaCpciL._AC_UL320_.jpg,Amazon
25,"DR. MOREPEN Multivitamins For Women With Calcium & Herbal Extracts|Vitamin-D, Biotin, Iron, Copper, Iodine, Magnesium, Zinc, Green Tea, Pomegranate|Energy & Immunity Booster Supplement-60 Veg Tablets",500,50% off,₹999,115 ratings,4.1,https://www.amazon.in/DR-MOREPEN-Multivitamins-Pomegranate-Supplement/dp/B09CKZG4YT/ref=sr_1_34_mod_primary_new?crid=ZE80G2W16TD2&keywords=multivitamin+best&qid=1672669295&sbo=RZvfv%2F%2FHxDF%2BO5021pAnSA%3D%3D&sprefix=multivitamin+best+%2Caps%2C456&sr=8-34,https://m.media-amazon.com/images/I/61tNSAwKjKL._AC_UL320_.jpg,Amazon
26,Carbamide Forte Multivitamin Gummies for Kids & Adults with Superfoods–90 Gummies,569,24% off,₹750,782 ratings,4.1,https://www.amazon.in/Carbamide-Forte-Multivitamin-Gummies-Superfoods/dp/B082G9Q2J2/ref=sr_1_35?crid=ZE80G2W16TD2&keywords=multivitamin+best&qid=1672669295&sprefix=multivitamin+best+%2Caps%2C456&sr=8-35,https://m.media-amazon.com/images/I/71P7mTH76UL._AC_UL320_.jpg,Amazon
27,"Boldfit Multivitamin For Women With Probiotics Supplement With 42 Vital Ingredients For Immunity, Hair, Skin, Energy & Bone Support (Pack of 1 (60 Tablets))",299,57% off,₹699,"1,847 ratings",4.2,https://www.amazon.in/Boldfit-Multivitamin-Probiotics-Supplement-Ingredients/dp/B08RGW6T4V/ref=sr_1_36?crid=ZE80G2W16TD2&keywords=multivitamin+best&qid=1672669295&sprefix=multivitamin+best+%2Caps%2C456&sr=8-36,https://m.media-amazon.com/images/I/71ySxTwK7BL._AC_UL320_.jpg,Amazon
28,"Healthvit Cenvitan Multivitamin for Men - 60 tablets with 24 Nutrients (Vitamins and Minerals) | for Energy, Stamina & Recovery",309,38% off,₹500,"3,458 ratings",4.1,https://www.amazon.in/Healthvit-Cenvitan-Men-Multivitamin-Multimineral/dp/B07BFS7XBX/ref=sr_1_37?crid=ZE80G2W16TD2&keywords=multivitamin+best&qid=1672669295&sprefix=multivitamin+best+%2Caps%2C456&sr=8-37,https://m.media-amazon.com/images/I/716YYCw-MzL._AC_UL320_.jpg,Amazon
29,"Healthvit Cenvitan Multivitamin for Women - 60 tablets with 24 Nutrients (Vitamins and Minerals) | Anti-Oxidants, Energy, Metabolism, Immunity, Beauty and Healthy Appearance",329,40% off,₹550,"1,821 ratings",4.1,https://www.amazon.in/Healthvit-Cenvitan-Women-Multivitamin-Multimineral/dp/B07BFRTYQY/ref=sr_1_38?crid=ZE80G2W16TD2&keywords=multivitamin+best&qid=1672669295&sprefix=multivitamin+best+%2Caps%2C456&sr=8-38,https://m.media-amazon.com/images/I/61oJEkrQSBL._AC_UL320_.jpg,Amazon
30,"Fast&Up Vitalize - Immunity Essential Multivitamin For Men & Women (60 Effervescent Tablets, Orange Flavor) - 21 Vital Vitamins & Minerals with Vitamin C, D & Zinc For Daily Health & Immunity",649,45% off,"₹1,170","2,430 ratings",4.3,https://www.amazon.in/Vitalize-Effervescent-Multi-Vitamin-Supplements/dp/B078SV5K27/ref=sr_1_39?crid=ZE80G2W16TD2&keywords=multivitamin+best&qid=1672669295&sprefix=multivitamin+best+%2Caps%2C456&sr=8-39,https://m.media-amazon.com/images/I/61FLs+WaCIL._AC_UL320_.jpg,Amazon
31,"Nutrabay Pro Active Multivitamin Men - 25 Vitamins & Minerals, Multivitamin For Men with Zinc, Vitamin C & D and Multiminerals, Enhances Energy, Stamina, Immunity & Overall Wellness - 60 Veg Capsules",299,40% off,₹499,"1,872 ratings",4.1,https://www.amazon.in/Nutrabay-Pro-Multivitamin-Men-500mg/dp/B08KT258CZ/ref=sr_1_40?crid=ZE80G2W16TD2&keywords=multivitamin+best&qid=1672669295&sprefix=multivitamin+best+%2Caps%2C456&sr=8-40,https://m.media-amazon.com/images/I/716mt-y78gL._AC_UL320_.jpg,Amazon
32,"NatureAlly Multivitamin for Men with 43 Vitamins & Minerals to boost Men's health, Immunity, Stamina, Energy & Gut health, Packed with key Ingredients & Vitamin D for optimum male health-120 Tablet",599,40% off,₹999,88 ratings,4.5,https://www.amazon.in/Nature-Ally-Multivitamin-Active-Approved/dp/B09MF717LZ/ref=sr_1_41?crid=ZE80G2W16TD2&keywords=multivitamin+best&qid=1672669295&sprefix=multivitamin+best+%2Caps%2C456&sr=8-41,https://m.media-amazon.com/images/I/71FcJvN+OHL._AC_UL320_.jpg,Amazon
33,"HealthKart HK Vitals Multivitamin for Women, With Zinc, Vitamin C, Vitamin D, Multiminerals & Ginseng Extract, Boosts Energy, Stamina & Skin Health, 60 Multivitamin Tablets",399,39% off,₹650,"3,860 ratings",4.2,https://www.amazon.in/HealthKart-Multivitamin-Women-Vegetarian-Tablets/dp/B01N354KTE/ref=sr_1_42?crid=ZE80G2W16TD2&keywords=multivitamin+best&qid=1672669295&sprefix=multivitamin+best+%2Caps%2C456&sr=8-42,https://m.media-amazon.com/images/I/51hH94Ot1pL._AC_UL320_.jpg,Amazon
34,"Centrum Adult 50+, World's No.1 Multivitamin with Calcium, Vitamin D3 & 21 other Nutrients for Overall Health, Strong Joints & Heart Health (Veg) 50s",703,5% off,₹740,184 ratings,4.2,https://www.amazon.in/Centrum-Multivitamin-Calcium-Vitamin-Nutrients/dp/B0BD1RTMWR/ref=sr_1_43?crid=ZE80G2W16TD2&keywords=multivitamin+best&qid=1672669295&sprefix=multivitamin+best+%2Caps%2C456&sr=8-43,https://m.media-amazon.com/images/I/51G7-gPGtML._AC_UL320_.jpg,Amazon
35,"WOW Life Science Multivitamin for Women - Veg Capsules 60 Count - with Vitamin A, Lutein & Lycopene",499,29% off,₹699,542 ratings,4.2,https://www.amazon.in/WOW-Life-Science-Multivitamin-Women/dp/B08DLF6MZY/ref=sr_1_44?crid=ZE80G2W16TD2&keywords=multivitamin+best&qid=1672669295&sprefix=multivitamin+best+%2Caps%2C456&sr=8-44,https://m.media-amazon.com/images/I/61XCEuQIdQL._AC_UL320_.jpg,Amazon
36,"Revital H Multivitamin For Men With Natural Ginseng, Zinc, 10 Vitamins & 8 Minerals For Daily Energy, Stamina & Immunity - 30 Capsules",240,20% off,₹300,"2,520 ratings",4.2,https://www.amazon.in/Revital-H-30-Capsules/dp/B006QQQT9S/ref=sr_1_45?crid=ZE80G2W16TD2&keywords=multivitamin+best&qid=1672669295&sprefix=multivitamin+best+%2Caps%2C456&sr=8-45,https://m.media-amazon.com/images/I/71u+XYPBL3S._AC_UL320_.jpg,Amazon
37,"DR. MOREPEN Multivitamins For Men With Omega 3 & Herbs | Vitamins B1, B2, B3, B6, B12, C, D2, E, Biotin, Calcium, Iron, Zinc, Copper, Iodine etc|Energy & Immunity Booster Supplement - 60 Veg Tablets",683,32% off,₹999,231 ratings,4,https://www.amazon.in/DR-MOREPEN-Multivitamins-Manganese-Supplement/dp/B09CKZ7SNH/ref=sr_1_46?crid=ZE80G2W16TD2&keywords=multivitamin+best&qid=1672669295&sprefix=multivitamin+best+%2Caps%2C456&sr=8-46,https://m.media-amazon.com/images/I/71fXJURAbHL._AC_UL320_.jpg,Amazon
38,"Zingavita Multivitamin Tablets for Women (120 Count) | With 45+ Vitamins, Calcium, Iron & Herbal Extracts for Hair, Skin, Stamina, Immunity & PMS Support | Gluten Free Vegetarian Multivitamin Tablet",319,65% off,₹899,87 ratings,3.9,https://www.amazon.in/Zingavita-Multivitamin-Women-Vitamins-Extracts/dp/B09XXP7GB6/ref=sr_1_47?crid=ZE80G2W16TD2&keywords=multivitamin+best&qid=1672669295&sprefix=multivitamin+best+%2Caps%2C456&sr=8-47,https://m.media-amazon.com/images/I/61CHvNsWpgL._AC_UL320_.jpg,Amazon
39,"Himalayan Organics Multivitamin Sports With 60+ Nutrients | Vitamin B1,B2,B3,B5,B6,B12,A,E,C,D,K,Biotin,Calcium,Zinc | Good For Brain, Eye, Muscle & Joint Care - 60 Veg Tablets",616,31% off,₹899,397 ratings,4.2,https://www.amazon.in/Himalayan-Organics-Multivitamin-Performance-Probiotics/dp/B08FBHZMMF/ref=sr_1_48?crid=ZE80G2W16TD2&keywords=multivitamin+best&qid=1672669295&sprefix=multivitamin+best+%2Caps%2C456&sr=8-48,https://m.media-amazon.com/images/I/711Ah+hdX0L._AC_UL320_.jpg,Amazon
40,Carbamide Forte Multivitamin Tablets for Women with 43 Ingredients -60 Veg Tablets,332,42% off,₹575,831 ratings,4,https://www.amazon.in/Carbamide-Forte-Multivitamins-Ingredients-Probiotics/dp/B081H6QQHY/ref=sr_1_49?crid=ZE80G2W16TD2&keywords=multivitamin+best&qid=1672669295&sprefix=multivitamin+best+%2Caps%2C456&sr=8-49,https://m.media-amazon.com/images/I/71Ps3NAR65L._AC_UL320_.jpg,Amazon
41,"Centrum Men, World's No.1 Multivitamin with Grape seed extract, Vitamin C & 21 other nutrients for Overall Health, Strong Muscles & Immunity (Veg) 30s",451,5% off,₹475,237 ratings,4.3,https://www.amazon.in/Centrum-Multivitamin-extract-nutrients-Immunity/dp/B0BCX2LM47/ref=sr_1_50?crid=ZE80G2W16TD2&keywords=multivitamin+best&qid=1672669295&sprefix=multivitamin+best+%2Caps%2C456&sr=8-50,https://m.media-amazon.com/images/I/51+KZ+73QVL._AC_UL320_.jpg,Amazon
42,"Halesaga Multivitamin for Men Bodybuilding with Vitamin D3, B-Vitamins, Zinc & 45 Vitamins & Minerals for Enhancing Immunity, Stamina, Energy, Cognitive Health & Skin Health - 60 Multivitamin Tablets",285,64% off,₹799,17 ratings,4.3,https://www.amazon.in/Halesaga-Multivitamin-Bodybuilding-Immunity-Supplements/dp/B09JCGWQJC/ref=sr_1_51?crid=ZE80G2W16TD2&keywords=multivitamin+best&qid=1672669295&sprefix=multivitamin+best+%2Caps%2C456&sr=8-51,https://m.media-amazon.com/images/I/61ErLqWcp4L._AC_UL320_.jpg,Amazon
43,"TrueBasics Multivit Daily, Multivitamin For Men and Women, with Zinc, Vitamin C, D, B12 and Multiminerals, Immunity and Antioxidant Blend, Clinically Researched Ingredients, 60 Multivitamin Tablets",699,13% off,₹799,745 ratings,4.2,https://www.amazon.in/TrueBasics-Multivitamin-Multiminerals-Antioxidant-Ingredients/dp/B09366BYC4/ref=sr_1_52?crid=ZE80G2W16TD2&keywords=multivitamin+best&qid=1672669295&sprefix=multivitamin+best+%2Caps%2C456&sr=8-52,https://m.media-amazon.com/images/I/61YTjBargSS._AC_UL320_.jpg,Amazon
44,"Saturn by GHC Multivitamin Gummies Promotes Thick Hair & Restores Skin Glow Powered With Multivitamin, Biotin, Zinc & Folic Acid | Paraben, SLS-Free, Sulphate-Free & 100% Vegan (30N - Pack of 1)",399,33% off,₹599,29 ratings,4,https://www.amazon.in/Saturn-GHC-Multivitamin-Promotes-Sulphate-Free/dp/B0B97WM96R/ref=sr_1_53?crid=ZE80G2W16TD2&keywords=multivitamin+best&qid=1672669295&sprefix=multivitamin+best+%2Caps%2C456&sr=8-53,https://m.media-amazon.com/images/I/51rMu7ENbTL._AC_UL320_.jpg,Amazon
45,"NutriBears Multivitamin Gummies for Kids, Pack of 2, Vitamins A, B, C, and D with Zinc, Fortify Immune Defense, Supports Daily Wellness, USFDA Registered Facility, 60s (Strawberry & Lemonade Flavour)",649,19% off,₹798,"1,806 ratings",4.3,https://www.amazon.in/Nutribears-Multivitamin-Gummies-Kids-Essential/dp/B07YZRBCYH/ref=sr_1_54?crid=ZE80G2W16TD2&keywords=multivitamin+best&qid=1672669295&sprefix=multivitamin+best+%2Caps%2C456&sr=8-54,https://m.media-amazon.com/images/I/71iq0PUl7qL._AC_UL320_.jpg,Amazon
46,"MuscleBlaze Biozyme Daily Multivitamin, 90 Tablets, with US Patent Filed EAF®, Vitamins and Minerals, T Booster, Joint Blend, for Higher Energy & Improved Performance Levels",999,23% off,"₹1,299",133 ratings,4.4,https://www.amazon.in/MuscleBlaze-Multivitamin-Vitamins-Minerals-Performance/dp/B0B4655BQ4/ref=sr_1_55?crid=ZE80G2W16TD2&keywords=multivitamin+best&qid=1672669295&sprefix=multivitamin+best+%2Caps%2C456&sr=8-55,https://m.media-amazon.com/images/I/61Ko8UElS-L._AC_UL320_.jpg,Amazon
47,"Carbamide Forte Multivitamin for Men for Immunity & Energy with 67 Ingredients |Multi Vitamins, Minerals, Probiotics, Superfoods, Fruits & Vegetable Blend– 120 Veg Tablets",664,41% off,"₹1,125",172 ratings,4.2,https://www.amazon.in/Carbamide-Forte-Multivitamin-Ingredients-Probiotics/dp/B08H2G218F/ref=sr_1_56?crid=ZE80G2W16TD2&keywords=multivitamin+best&qid=1672669295&sprefix=multivitamin+best+%2Caps%2C456&sr=8-56,https://m.media-amazon.com/images/I/71tADyrZ4UL._AC_UL320_.jpg,Amazon
