Sr. no.,Product Name,Price,Discount,MRP,Rating,Average Star,Product_Link,Product Image Link,Website
0,"HealthKart HK Vitals Multivitamin for Men and Women, 60 Multivitamin Tablets, with Zinc, Vitamin C, Vitamin D3, Multiminerals and Ginseng Extract, Enhances Energy, Stamina & Immunity",425,35% off,₹650,"11,062 ratings",4.2,https://www.amazon.in/HealthKart-Multivitamin-Ginseng-Extract-Vegetarian/dp/B01LLLUCAY/ref=sr_1_5?crid=Y49REFIWQ1II&keywords=multivitamin+best+seller&qid=1672390347&sprefix=multivitamin+best%2Caps%2C343&sr=8-5,https://m.media-amazon.com/images/I/51vRHIuIG5L._AC_UL320_.jpg,Amazon
1,Herbalife Formula 2 Multivitamin Mineral and Herbal Tablet - 90 Tablets,"1,199",43% off,"₹2,091","1,069 ratings",4,https://www.amazon.in/Herbalife-Formula-Multivitamin-Mineral-Herbal/dp/B01G3RU2N8/ref=sr_1_6_mod_primary_new?crid=Y49REFIWQ1II&keywords=multivitamin+best+seller&qid=1672390347&sbo=RZvfv%2F%2FHxDF%2BO5021pAnSA%3D%3D&sprefix=multivitamin+best%2Caps%2C343&sr=8-6,https://m.media-amazon.com/images/I/51+kX3njWdL._AC_UL320_.jpg,Amazon
2,"WOW Life Science Multivitamin for Women - Veg Capsules 60 Count - with Vitamin A, Lutein & Lycopene",499,29% off,₹699,535 ratings,4.2,https://www.amazon.in/WOW-Life-Science-Multivitamin-Women/dp/B08DLF6MZY/ref=sr_1_7?crid=Y49REFIWQ1II&keywords=multivitamin+best+seller&qid=1672390347&sprefix=multivitamin+best%2Caps%2C343&sr=8-7,https://m.media-amazon.com/images/I/61XCEuQIdQL._AC_UL320_.jpg,Amazon
3,"Carbamide Forte Plant Based Multivitamin Tablets for Men & Women for Immunity, Energy & Detox with Ingredients like Superfoods, Greens, Vegetables, Fruits & Herbs Supplement- 60 Veg Tablets",499,26% off,₹675,617 ratings,4.2,https://www.amazon.in/Carbamide-Forte-Multivitamin-Ingredients-Superfoods/dp/B08H5PBLC2/ref=sr_1_8?crid=Y49REFIWQ1II&keywords=multivitamin+best+seller&qid=1672390347&sprefix=multivitamin+best%2Caps%2C343&sr=8-8,https://m.media-amazon.com/images/I/81rHUQGeYPL._AC_UL320_.jpg,Amazon
4,"Nutrazee Multivitamin Gummies for Kids, Teenagers, Men, Women & Adults With Essential Vitamins For Healthy Growth, Development & Immunity, 45 Gummy Bears Supplement",645,15% off,₹755,"1,454 ratings",4.3,https://www.amazon.in/Nutrazee-Multivitamin-Vegetarian-Teenagers-Essential/dp/B07B4FYGYB/ref=sr_1_9?crid=Y49REFIWQ1II&keywords=multivitamin+best+seller&qid=1672390347&sprefix=multivitamin+best%2Caps%2C343&sr=8-9,https://m.media-amazon.com/images/I/71-sv+HpjzL._AC_UL320_.jpg,Amazon
5,"Healthvit Cenvitan Multivitamin for Men - 60 tablets with 24 Nutrients (Vitamins and Minerals) | for Energy, Stamina & Recovery",309,38% off,₹500,"3,452 ratings",4.1,https://www.amazon.in/Healthvit-Cenvitan-Men-Multivitamin-Multimineral/dp/B07BFS7XBX/ref=sr_1_10?crid=Y49REFIWQ1II&keywords=multivitamin+best+seller&qid=1672390347&sprefix=multivitamin+best%2Caps%2C343&sr=8-10,https://m.media-amazon.com/images/I/716YYCw-MzL._AC_UL320_.jpg,Amazon
6,"MuscleBlaze MB-Vite Daily Multivitamin with 51 Ingredients and 6 Essential Blends, 100% RDA of Immunity Boosters, for Enhanced Energy, Strength & Recovery, 30 Multivitamin Tablets",329,13% off,₹379,"11,849 ratings",4.1,https://www.amazon.in/MuscleBlaze-Multivitamin-Ingredients-Essential-Immunity/dp/B09FXMXH3S/ref=sr_1_11?crid=Y49REFIWQ1II&keywords=multivitamin+best+seller&qid=1672390347&sprefix=multivitamin+best%2Caps%2C343&sr=8-11,https://m.media-amazon.com/images/I/71kM7R2HGuL._AC_UL320_.jpg,Amazon
7,Carbamide Forte Multivitamin Tablets for Women with 43 Ingredients -60 Veg Tablets,349,39% off,₹575,832 ratings,4,https://www.amazon.in/Carbamide-Forte-Multivitamins-Ingredients-Probiotics/dp/B081H6QQHY/ref=sr_1_12?crid=Y49REFIWQ1II&keywords=multivitamin+best+seller&qid=1672390347&sprefix=multivitamin+best%2Caps%2C343&sr=8-12,https://m.media-amazon.com/images/I/71Ps3NAR65L._AC_UL320_.jpg,Amazon
8,"Zingavita Multivitamin Tablets for Women (120 Count) | With 45+ Vitamins, Calcium, Iron & Herbal Extracts for Hair, Skin, Stamina, Immunity & PMS Support | Gluten Free Vegetarian Multivitamin Tablet",420,53% off,₹899,85 ratings,3.9,https://www.amazon.in/Zingavita-Multivitamin-Women-Vitamins-Extracts/dp/B09XXP7GB6/ref=sr_1_13?crid=Y49REFIWQ1II&keywords=multivitamin+best+seller&qid=1672390347&sprefix=multivitamin+best%2Caps%2C343&sr=8-13,https://m.media-amazon.com/images/I/61CHvNsWpgL._AC_UL320_.jpg,Amazon
9,"Zingavita Multivitamin for Men | With 41 Vitamins, Omega 3 & Essential Blends for Energy, Immunity, Stamina & Recovery | 120 Veg Multivitamin Tablets | 1 Daily",420,53% off,₹899,127 ratings,4.2,https://www.amazon.in/Zingavita-Multivitamin-Men-combination-Essential/dp/B09XXLY1VF/ref=sr_1_14?crid=Y49REFIWQ1II&keywords=multivitamin+best+seller&qid=1672390347&sprefix=multivitamin+best%2Caps%2C343&sr=8-14,https://m.media-amazon.com/images/I/611lIKvfiNL._AC_UL320_.jpg,Amazon
10,"Centrum Adult 50+, World's No.1 Multivitamin with Calcium, Vitamin D3 & 21 other Nutrients for Overall Health, Strong Joints & Heart Health (Veg) 50s",703,5% off,₹740,173 ratings,4.2,https://www.amazon.in/Centrum-Multivitamin-Calcium-Vitamin-Nutrients/dp/B0BD1RTMWR/ref=sr_1_15?crid=Y49REFIWQ1II&keywords=multivitamin+best+seller&qid=1672390347&sprefix=multivitamin+best%2Caps%2C343&sr=8-15,https://m.media-amazon.com/images/I/51G7-gPGtML._AC_UL320_.jpg,Amazon
11,Carbamide Forte Multivitamin Tablets for Men & Women with Probiotics & Ginseng | Multivitamin supplement with 45 Ingredients - 180 Tablets,599,30% off,₹850,"4,122 ratings",4.1,https://www.amazon.in/Carbamide-Forte-Antoxidants-Probiotics-Multivitamins/dp/B072MLTYXD/ref=sr_1_16?crid=Y49REFIWQ1II&keywords=multivitamin+best+seller&qid=1672390347&sprefix=multivitamin+best%2Caps%2C343&sr=8-16,https://m.media-amazon.com/images/I/61PjUf5CVBL._AC_UL320_.jpg,Amazon
12,Carbamide Forte Multivitamin Gummies for Kids & Adults with Superfoods–90 Gummies,599,20% off,₹750,778 ratings,4.1,https://www.amazon.in/Carbamide-Forte-Multivitamin-Gummies-Superfoods/dp/B082G9Q2J2/ref=sr_1_17?crid=Y49REFIWQ1II&keywords=multivitamin+best+seller&qid=1672390347&sprefix=multivitamin+best%2Caps%2C343&sr=8-17,https://m.media-amazon.com/images/I/71P7mTH76UL._AC_UL320_.jpg,Amazon
13,"Carbamide Forte Multivitamin Gummies for Women | Multivitamin for Women’s Hair, Skin & Nails, with Biotin & Antioxidants for Immunity & Probiotics for Digestion | 23 Ingredients - 60 Veg Gummies",499,26% off,₹675,654 ratings,4,https://www.amazon.in/Carbamide-Forte-Multivitamin-Antioxidants-Ingredients/dp/B08CNCFJLN/ref=sr_1_18?crid=Y49REFIWQ1II&keywords=multivitamin+best+seller&qid=1672390347&sprefix=multivitamin+best%2Caps%2C343&sr=8-18,https://m.media-amazon.com/images/I/71KvdotLJvL._AC_UL320_.jpg,Amazon
14,"Healthvit Mulvit Multivitamins and Minerals with 31 Nutrients (Vitamins, Minerals and Amino Acids) | Anti-Oxidants, Beauty Blend | Energy, Brain, Bone Health - 60 Tablets",269,33% off,₹400,"1,780 ratings",3.7,https://www.amazon.in/HealthVit-Mulvit-Multivitamins-Minerals-Tablets/dp/B00TODB3IC/ref=sr_1_19?crid=Y49REFIWQ1II&keywords=multivitamin+best+seller&qid=1672390347&sprefix=multivitamin+best%2Caps%2C343&sr=8-19,https://m.media-amazon.com/images/I/61jUcj1hOML._AC_UL320_.jpg,Amazon
15,"Healthvit Cenvitan Multivitamin for Women - 60 tablets with 24 Nutrients (Vitamins and Minerals) | Anti-Oxidants, Energy, Metabolism, Immunity, Beauty and Healthy Appearance",349,37% off,₹550,"1,819 ratings",4.1,https://www.amazon.in/Healthvit-Cenvitan-Women-Multivitamin-Multimineral/dp/B07BFRTYQY/ref=sr_1_20?crid=Y49REFIWQ1II&keywords=multivitamin+best+seller&qid=1672390347&sprefix=multivitamin+best%2Caps%2C343&sr=8-20,https://m.media-amazon.com/images/I/61oJEkrQSBL._AC_UL320_.jpg,Amazon
16,"Himalayan Organics Multivitamin with Probiotics - 45 Ingredients for Men & Women with Vitamin C, D, E, B3, B12, Zinc, Giloy, Biotin | Good For Energy And Stamina - (60 Tablets)",282,57% off,₹650,"2,366 ratings",4.1,https://www.amazon.in/Himalayan-Organics-Multivitamin-Probiotics-Ingredients/dp/B0B5R7FX3H/ref=sr_1_25?crid=Y49REFIWQ1II&keywords=multivitamin+best+seller&qid=1672390347&sprefix=multivitamin+best%2Caps%2C343&sr=8-25,https://m.media-amazon.com/images/I/71G56y7nA5L._AC_UL320_.jpg,Amazon
17,"Carbamide Forte Multivitamin for Men for Immunity & Energy with 67 Ingredients |Multi Vitamins, Minerals, Probiotics, Superfoods, Fruits & Vegetable Blend– 60 Veg Tablets",499,26% off,₹675,724 ratings,4.2,https://www.amazon.in/Carbamide-Forte-Multivitamin-Ingredients-Probiotics/dp/B08H1THQDY/ref=sr_1_26?crid=Y49REFIWQ1II&keywords=multivitamin+best+seller&qid=1672390347&sprefix=multivitamin+best%2Caps%2C343&sr=8-26,https://m.media-amazon.com/images/I/71+DR1rv7OL._AC_UL320_.jpg,Amazon
18,"Zingavita Multivitamin for Women 50 Plus Age - 120 Tablets | With 26 Vitamins, Minerals & Herbal Extracts for Heart, Joints, Skin, Vision & Cognitive Support | 1 Veg Tablet Daily",420,58% off,₹999,46 ratings,4.3,https://www.amazon.in/Zingavita-Multivitamin-Women-Plus-Age/dp/B09YY3WSH5/ref=sr_1_27?crid=Y49REFIWQ1II&keywords=multivitamin+best+seller&qid=1672390347&sprefix=multivitamin+best%2Caps%2C343&sr=8-27,https://m.media-amazon.com/images/I/61PObjDd-lL._AC_UL320_.jpg,Amazon
19,"NutritJet Multivitamin For Men & Women - 120 Veg Tablets With Probiotics, 43 Essential Vitamins, Minerals and Herbs For Immunity, Energy, Biotin, For Healthy Hair, Skin & Nails",499,50% off,₹999,315 ratings,4.1,https://www.amazon.in/NutritJet-Multivitamins-Essential-Vitamins-Minerals/dp/B08RWJYP5K/ref=sr_1_28?crid=Y49REFIWQ1II&keywords=multivitamin+best+seller&qid=1672390347&sprefix=multivitamin+best%2Caps%2C343&sr=8-28,https://m.media-amazon.com/images/I/71UF048OtJL._AC_UL320_.jpg,Amazon
20,"Himalayan Organics Plant Based Multivitamin 60+ Ingredients With Vitamin B1, B2, B3, B5, B6, B7, B9, B12, A, C, D, E, K, Calcium etc |Healthy Bones & Joints etc,Good For Men & Women - 60 Veg Capsules",617,38% off,₹995,310 ratings,4.1,https://www.amazon.in/Himalayan-Organics-Multivitamin-Ingredients-Immunity/dp/B08Z456KNB/ref=sr_1_29?crid=Y49REFIWQ1II&keywords=multivitamin+best+seller&qid=1672390347&sprefix=multivitamin+best%2Caps%2C343&sr=8-29,https://m.media-amazon.com/images/I/61sLcLl5aKS._AC_UL320_.jpg,Amazon
21,"BRITISH LIFE SCIENCES PVT LTD ; Nutrition For A Healthy Beginning | Happi Kidz Multivitamin Gummies For Kids - 60 Count. For Growth and Immunity, Orange & Strawberry Flavor | 60 Gummy Bears",360,10% off,₹400,"1,143 ratings",4.2,https://www.amazon.in/BRITISH-LIFE-SCIENCES-Multivitamin-Strawberry/dp/B08GC27HBR/ref=sr_1_30?crid=Y49REFIWQ1II&keywords=multivitamin+best+seller&qid=1672390347&sprefix=multivitamin+best%2Caps%2C343&sr=8-30,https://m.media-amazon.com/images/I/61KJRKA-RUL._AC_UL320_.jpg,Amazon
22,"Fast&Up Vitalize - Immunity Essential Multivitamin For Men & Women (20 Effervescent Tablets - Orange Flavor) - 21 Vital Vitamins & Minerals with Vitamin C, D & Zinc For Daily Health & Immunity",319,18% off,₹390,"2,426 ratings",4.3,https://www.amazon.in/Fast-Vitalize-Effervescent-Multivitamin-Tablets/dp/B078S3LPRZ/ref=sr_1_31?crid=Y49REFIWQ1II&keywords=multivitamin+best+seller&qid=1672390347&sprefix=multivitamin+best%2Caps%2C343&sr=8-31,https://m.media-amazon.com/images/I/511DJE8xmyL._AC_UL320_.jpg,Amazon
23,"Cipla Maxirich Daily Multivitamin (30 Capsules) For Men & Women With Essential Nutrients, Vitamins, Minerals, Anti-oxidants For Building Immunity & Energy (Bottle Pack)",244,26% off,₹330,"1,041 ratings",4.1,https://www.amazon.in/Multivitamin-Essential-Nutrients-Antioxidants-Fatigue-30/dp/B085RJH5TK/ref=sr_1_32?crid=Y49REFIWQ1II&keywords=multivitamin+best+seller&qid=1672390347&sprefix=multivitamin+best%2Caps%2C343&sr=8-32,https://m.media-amazon.com/images/I/61he+CdjT1L._AC_UL320_.jpg,Amazon
24,"Zingavita Multivitamin Tablets with Probiotics & Prebiotics (120 Count)|With 43 Vitamins & Minerals|Supplement with Vitamin B12, C, D, E, Zinc & Biotin |Vegetarian Multivitamin Tablet for Men & Women",347,30% off,₹499,537 ratings,4.1,https://www.amazon.in/Zingavita-Multivitamin-Tablets-Men-Women/dp/B09GW8HRS5/ref=sr_1_33?crid=Y49REFIWQ1II&keywords=multivitamin+best+seller&qid=1672390347&sprefix=multivitamin+best%2Caps%2C343&sr=8-33,https://m.media-amazon.com/images/I/61y5gxfHKQL._AC_UL320_.jpg,Amazon
25,"Cipla Maxirich Daily Multivitamin (60 Softgels) For Men & Women With Essential Nutrients, Vitamins, Minerals, Anti-oxidants For Building Immunity & Energy (6 X 10 Softgels)",424,36% off,₹660,286 ratings,4.3,https://www.amazon.in/Cipla-Multivitamin-Essential-Nutrients-Anti-oxidants/dp/B09C5Y5XY1/ref=sr_1_34?crid=Y49REFIWQ1II&keywords=multivitamin+best+seller&qid=1672390347&sprefix=multivitamin+best%2Caps%2C343&sr=8-34,https://m.media-amazon.com/images/I/81nsUhAbPIL._AC_UL320_.jpg,Amazon
26,"Pure Nutrition Multivitamin for Women with 37+ Vitamins, Minerals & Herbs to Support Bone Health, Boost Immunity & Promote Active Health - 30 Veg Tablets",434,13% off,₹499,128 ratings,4.3,https://www.amazon.in/Pure-Nutrition-Fortified-Bioactive-Multiminerals/dp/B0832ZXJKM/ref=sr_1_35?crid=Y49REFIWQ1II&keywords=multivitamin+best+seller&qid=1672390347&sprefix=multivitamin+best%2Caps%2C343&sr=8-35,https://m.media-amazon.com/images/I/61BAYp++CtL._AC_UL320_.jpg,Amazon
27,"Boldfit Multivitamin For Women With Probiotics Supplement With 42 Vital Ingredients For Immunity, Hair, Skin, Energy & Bone Support (Pack of 1 (60 Tablets))",299,57% off,₹699,"1,840 ratings",4.2,https://www.amazon.in/Boldfit-Multivitamin-Probiotics-Supplement-Ingredients/dp/B08RGW6T4V/ref=sr_1_36?crid=Y49REFIWQ1II&keywords=multivitamin+best+seller&qid=1672390347&sprefix=multivitamin+best%2Caps%2C343&sr=8-36,https://m.media-amazon.com/images/I/71ySxTwK7BL._AC_UL320_.jpg,Amazon
28,"Neuherbs True vitamin | Multivitamin for men and women with Antioxidant & herbs blend (Vitamin C, Zinc,Vitamin D3, Ginseng Extract etc ) for Energy, Stamina & Immunity, 60 Multivitamin Tablets",519,42% off,₹899,"3,769 ratings",4.2,https://www.amazon.in/Neuherbs-Vitamins-Minerals-Nutrition-supplement/dp/B082G9SMKD/ref=sr_1_37?crid=Y49REFIWQ1II&keywords=multivitamin+best+seller&qid=1672390347&sprefix=multivitamin+best%2Caps%2C343&sr=8-37,https://m.media-amazon.com/images/I/61+0U8VHKbL._AC_UL320_.jpg,Amazon
29,Meadbery Multivitamin And Mineral Gummy Bears Jelly Glutenfree Formula With Vitamin C Vitamin D Vitamin B12 B6 Zinc For Kids Growth Development Immunity 30 Gummy Bears Pack Of 1,379,24% off,₹499,"1,173 ratings",4.1,https://www.amazon.in/MEADBERY-Multivitamin-Gluten-Free-Minerals-Vitamins/dp/B07XBC7FT1/ref=sr_1_38?crid=Y49REFIWQ1II&keywords=multivitamin+best+seller&qid=1672390347&sprefix=multivitamin+best%2Caps%2C343&sr=8-38,https://m.media-amazon.com/images/I/817lV4qQhkL._AC_UL320_.jpg,Amazon
30,"HealthKart HK Vitals Multivitamin with Probiotics - Vitamin C, Vitamin D, Vitamin B, Zinc - 60 Multivitamin Tablets - Supports Immunity and Gut health - For Men and Women",365,27% off,₹499,"2,479 ratings",4.2,https://www.amazon.in/HealthKart-Multivitamin-Probiotics-Supports-Immunity/dp/B08XF3SCYJ/ref=sr_1_39?crid=Y49REFIWQ1II&keywords=multivitamin+best+seller&qid=1672390347&sprefix=multivitamin+best%2Caps%2C343&sr=8-39,https://m.media-amazon.com/images/I/51MABo8MMAL._AC_UL320_.jpg,Amazon
31,"Revital H Multivitamin For Men With Natural Ginseng, Zinc, 10 Vitamins & 8 Minerals For Daily Energy, Stamina & Immunity - 60 Capsules",467,15% off,₹550,"5,261 ratings",4.3,https://www.amazon.in/Revital-8-9013E-12-H-Capsules/dp/B006QQQTHU/ref=sr_1_40?crid=Y49REFIWQ1II&keywords=multivitamin+best+seller&qid=1672390347&sprefix=multivitamin+best%2Caps%2C343&sr=8-40,https://m.media-amazon.com/images/I/71MoI-UoRaS._AC_UL320_.jpg,Amazon
32,"DR. MOREPEN Multivitamins For Women With Calcium & Herbal Extracts|Vitamin-D, Biotin, Iron, Copper, Iodine, Magnesium, Zinc, Green Tea, Pomegranate|Energy & Immunity Booster Supplement-60 Veg Tablets",500,50% off,₹999,115 ratings,4.1,https://www.amazon.in/DR-MOREPEN-Multivitamins-Pomegranate-Supplement/dp/B09CKZG4YT/ref=sr_1_41_mod_primary_new?crid=Y49REFIWQ1II&keywords=multivitamin+best+seller&qid=1672390347&sbo=RZvfv%2F%2FHxDF%2BO5021pAnSA%3D%3D&sprefix=multivitamin+best%2Caps%2C343&sr=8-41,https://m.media-amazon.com/images/I/61tNSAwKjKL._AC_UL320_.jpg,Amazon
33,"Swisse Men’s Multivitamin - 60 Tabs (Australia's No.1 Multivitamin Brand) Increases Immunity, Energy, Stamina & Vitality Production With 36 Herbs, Vitamins & Minerals","1,619",31% off,"₹2,349","1,017 ratings",4.2,https://www.amazon.in/Swisse-Multivitamin-Supplement-Relieving-production/dp/B088KVDZN5/ref=sr_1_42?crid=Y49REFIWQ1II&keywords=multivitamin+best+seller&qid=1672390347&sprefix=multivitamin+best%2Caps%2C343&sr=8-42,https://m.media-amazon.com/images/I/61ZHYaCpciL._AC_UL320_.jpg,Amazon
34,"ZEROHARM Whole Food Multivitamin 60 tablets | Men Multivitamin & Multimineral | Vitamin A, C, D, B12 | Iron, Magnesium, Zinc | Energy, strong bones & muscles, immunity, workout performance",599,29% off,₹849,28 ratings,4.8,https://www.amazon.in/ZEROHARM-Multivitamin-Multimineral-Magnesium-performance/dp/B0B94BJCSV/ref=sr_1_43?crid=Y49REFIWQ1II&keywords=multivitamin+best+seller&qid=1672390347&sprefix=multivitamin+best%2Caps%2C343&sr=8-43,https://m.media-amazon.com/images/I/41hL6Bymf0L._AC_UL320_.jpg,Amazon
35,"Swisse Women’s Multivitamin - 30 Tabs (Australia's No.1 Multivitamin Brand) Increases Immunity, Energy, Stamina, Vitality & Mental Performance With 36 Herbs, Vitamins & Minerals",859,34% off,"₹1,299",682 ratings,4.3,https://www.amazon.in/Swisse-Ultivite-Multivitamin-Vitamins-Performance/dp/B098NZ55LD/ref=sr_1_44?crid=Y49REFIWQ1II&keywords=multivitamin+best+seller&qid=1672390347&sprefix=multivitamin+best%2Caps%2C343&sr=8-44,https://m.media-amazon.com/images/I/61DASENAUwL._AC_UL320_.jpg,Amazon
36,"Carbamide Forte Multivitamin for Men for Immunity & Energy with 67 Ingredients |Multi Vitamins, Minerals, Probiotics, Superfoods, Fruits & Vegetable Blend– 120 Veg Tablets",699,38% off,"₹1,125",170 ratings,4.2,https://www.amazon.in/Carbamide-Forte-Multivitamin-Ingredients-Probiotics/dp/B08H2G218F/ref=sr_1_45?crid=Y49REFIWQ1II&keywords=multivitamin+best+seller&qid=1672390347&sprefix=multivitamin+best%2Caps%2C343&sr=8-45,https://m.media-amazon.com/images/I/71tADyrZ4UL._AC_UL320_.jpg,Amazon
37,"Man Matters Multivitamin gummies For Men | vitamins A, C, D, E, B9 & B12 | Enhances Immunity and Supports Hormone Balance | Pack of 60",499,17% off,₹599,163 ratings,3.9,https://www.amazon.in/Man-Matters-Multivitamin-Enhances-Immunity/dp/B09DQ7WQP6/ref=sr_1_46?crid=Y49REFIWQ1II&keywords=multivitamin+best+seller&qid=1672390347&sprefix=multivitamin+best%2Caps%2C343&sr=8-46,https://m.media-amazon.com/images/I/712ouWa86iL._AC_UL320_.jpg,Amazon
38,"Revital H Multivitamin For Men With Natural Ginseng, Zinc, 10 Vitamins & 8 Minerals For Daily Energy, Stamina & Immunity - 30 Capsules",225,25% off,₹300,"2,513 ratings",4.2,https://www.amazon.in/Revital-H-30-Capsules/dp/B006QQQT9S/ref=sr_1_47?crid=Y49REFIWQ1II&keywords=multivitamin+best+seller&qid=1672390347&sprefix=multivitamin+best%2Caps%2C343&sr=8-47,https://m.media-amazon.com/images/I/71u+XYPBL3S._AC_UL320_.jpg,Amazon
39,"OZiva Daily Women’s Multi, 60 Tablets | Multivitamin for Women with Shatavari, Ashwaganda & Brahmi | Supplements for Supporting, Daily Energy, Hormonal Balance & Stress Management",427,14% off,₹499,152 ratings,4.2,https://www.amazon.in/OZiva-Daily-Womens-Multi-Multivitamin/dp/B09RK7PQ3J/ref=sr_1_48?crid=Y49REFIWQ1II&keywords=multivitamin+best+seller&qid=1672390347&sprefix=multivitamin+best%2Caps%2C343&sr=8-48,https://m.media-amazon.com/images/I/61Kxiw6ByIL._AC_UL320_.jpg,Amazon
40,"HealthKart HK Vitals Multivitamin for Women, With Zinc, Vitamin C, Vitamin D, Multiminerals & Ginseng Extract, Boosts Energy, Stamina & Skin Health, 60 Multivitamin Tablets",399,39% off,₹650,"3,848 ratings",4.2,https://www.amazon.in/HealthKart-Multivitamin-Women-Vegetarian-Tablets/dp/B01N354KTE/ref=sr_1_49?crid=Y49REFIWQ1II&keywords=multivitamin+best+seller&qid=1672390347&sprefix=multivitamin+best%2Caps%2C343&sr=8-49,https://m.media-amazon.com/images/I/51hH94Ot1pL._AC_UL320_.jpg,Amazon
41,"Bigmuscles Nutrition The Real Vitamin Advanced Multivitamin [30 Servings, Chocolate Flavoured] |",189,46% off,₹349,"4,448 ratings",4.1,https://www.amazon.in/Bigmuscles-Nutrition-Multivitamin-Multivitamins-Multiminerals/dp/B08R6NXXWW/ref=sr_1_50?crid=Y49REFIWQ1II&keywords=multivitamin+best+seller&qid=1672390347&sprefix=multivitamin+best%2Caps%2C343&sr=8-50,https://m.media-amazon.com/images/I/61qcp7IZAtL._AC_UL320_.jpg,Amazon
42,"Centrum Men, World's No.1 Multivitamin with Grape seed extract, Vitamin C & 21 other nutrients for Overall Health, Strong Muscles & Immunity (Veg) 30s",451,5% off,₹475,216 ratings,4.2,https://www.amazon.in/Centrum-Multivitamin-extract-nutrients-Immunity/dp/B0BCX2LM47/ref=sr_1_51?crid=Y49REFIWQ1II&keywords=multivitamin+best+seller&qid=1672390347&sprefix=multivitamin+best%2Caps%2C343&sr=8-51,https://m.media-amazon.com/images/I/51+KZ+73QVL._AC_UL320_.jpg,Amazon
43,"Dr Trust Nutrition Kids Multivitamin Gummies with sodium, Vitamin,Pantothenic Acid, Zinc, magnesium and Folate-711",299,63% off,₹800,58 ratings,4.1,https://www.amazon.in/Dr-Trust-Multivitamin-Gummies-Pantothenic/dp/B0968H4DRL/ref=sr_1_52?crid=Y49REFIWQ1II&keywords=multivitamin+best+seller&qid=1672390347&sprefix=multivitamin+best%2Caps%2C343&sr=8-52,https://m.media-amazon.com/images/I/715o-RtkhIL._AC_UL320_.jpg,Amazon
44,"HealthKart HK Vitals Multivitamin and Fish Oil Combo for Women & Men, 60 Multivitamin Tablets & 60 Fish Oil Capsules",719,47% off,"₹1,349","4,318 ratings",4.3,https://www.amazon.in/HealthKart-Vitals-Multivitamin-Capsules-Tablets/dp/B07R9KJPZM/ref=sr_1_53?crid=Y49REFIWQ1II&keywords=multivitamin+best+seller&qid=1672390347&sprefix=multivitamin+best%2Caps%2C343&sr=8-53,https://m.media-amazon.com/images/I/61bUDUMwwtL._AC_UL320_.jpg,Amazon
45,"Boldfit Multivitamin For Men & Women With Probiotics Vitamin C, E, Zinc For Immunity, Biotin, For Healthy Hair, Skin & Nails. Immunity (120 Tablets)",397,43% off,₹699,"5,410 ratings",4.2,https://www.amazon.in/Boldfit-Multivitamin-Tablets-Probiotics-Immunity/dp/B08DG59RPC/ref=sr_1_54?crid=Y49REFIWQ1II&keywords=multivitamin+best+seller&qid=1672390347&sprefix=multivitamin+best%2Caps%2C343&sr=8-54,https://m.media-amazon.com/images/I/61QqJZFDqDL._AC_UL320_.jpg,Amazon
46,"MuscleBlaze Biozyme Daily Multivitamin, 90 Tablets, with US Patent Filed EAF®, Vitamins and Minerals, T Booster, Joint Blend, for Higher Energy & Improved Performance Levels",999,23% off,"₹1,299",125 ratings,4.4,https://www.amazon.in/MuscleBlaze-Multivitamin-Vitamins-Minerals-Performance/dp/B0B4655BQ4/ref=sr_1_55?crid=Y49REFIWQ1II&keywords=multivitamin+best+seller&qid=1672390347&sprefix=multivitamin+best%2Caps%2C343&sr=8-55,https://m.media-amazon.com/images/I/61Ko8UElS-L._AC_UL320_.jpg,Amazon
47,"Supradyn® Immuno +, Multivitamin, Natural immunity booster with Vit C, Vit D, Zinc, Unique blend of Tulsi, Turmeric, Shatavari & Ashoka, 30 Tablets",243,10% off,₹270,55 ratings,4.6,https://www.amazon.in/Supradyn%C2%AE-Multivitamin-immunity-Turmeric-Shatavari/dp/B0BC22V53M/ref=sr_1_56?crid=Y49REFIWQ1II&keywords=multivitamin+best+seller&qid=1672390347&sprefix=multivitamin+best%2Caps%2C343&sr=8-56,https://m.media-amazon.com/images/I/61Z4eqjcBIL._AC_UL320_.jpg,Amazon
